{"cameraMode":{"drawMode":0,"name":"Shaded","section":"Shading Mode"},"sceneLighting":false,"audioPlay":false,"sceneViewState":{"m_AlwaysRefresh":false,"showFog":true,"showSkybox":false,"showFlares":true,"showImageEffects":true,"showParticleSystems":true,"showVisualEffectGraphs":true,"m_FxEnabled":true},"in2DMode":false,"pivot":{"x":-1.5999999046325684,"y":1.649999976158142,"z":1.524999976158142},"rotation":{"x":0.5910803079605103,"y":0.0012099180603399873,"z":-0.0008866212447173893,"w":0.8066113591194153},"size":3.012162923812866,"orthographic":false}